ping_id,device_id,tower_id,ping_date,ping_time,signal_strength,event_type_id
1,112,7360,2026-04-01,08:14:22,-82,10
2,441,11576,2026-04-01,08:14:25,-95,4
3,88,11577,2026-04-01,08:15:02,-73,10
4,317,7356,2026-04-01,08:15:05,-78,4
5,29,7355,2026-04-01,08:16:44,-90,10
6,501,11569,2026-04-01,08:17:11,-104,8
7,77,9553,2026-04-01,08:17:55,-97,9
8,214,6903,2026-04-01,08:18:03,-88,10
9,333,9562,2026-04-01,08:18:44,-76,5
10,19,9557,2026-04-01,08:19:12,-83,4
11,71,6898,2026-04-01,08:19:55,-70,10
12,98,6815,2026-04-01,08:20:14,-92,3
13,410,6809,2026-04-01,08:20:55,-79,10
14,55,6826,2026-04-01,08:21:33,-86,8
15,288,6813,2026-04-01,08:22:01,-94,9
16,14,20519,2026-04-01,08:22:44,-102,10
17,33,6811,2026-04-01,08:23:12,-89,1
18,312,6611,2026-04-01,08:23:44,-75,2
19,45,6820,2026-04-01,08:24:10,-84,10
20,188,6805,2026-04-01,08:24:55,-91,5
21,66,20521,2026-04-01,08:25:22,-99,4
22,412,6907,2026-04-01,08:25:55,-103,10
23,155,9561,2026-04-01,08:26:33,-88,8
24,501,6905,2026-04-01,08:27:01,-81,9
25,77,6914,2026-04-01,08:27:44,-96,10
26,288,9552,2026-04-01,08:28:12,-104,1
27,14,6908,2026-04-01,08:28:55,-87,2
28,33,6915,2026-04-01,08:29:22,-73,10
29,501,9558,2026-04-01,08:29:55,-98,3
30,77,2047,2026-04-01,08:30:33,-92,10
31,312,14177,2026-04-01,08:31:01,-78,4
32,45,2050,2026-04-01,08:31:44,-85,5
33,188,2049,2026-04-01,08:32:12,-101,10
34,66,14178,2026-04-01,08:32:55,-89,8
35,412,14179,2026-04-01,08:33:22,-94,9
36,155,2051,2026-04-01,08:33:55,-82,10
37,501,2048,2026-04-01,08:34:33,-88,1
38,77,18076,2026-04-01,08:35:01,-71,2
39,288,18072,2026-04-01,08:35:44,-75,10
40,14,10192,2026-04-01,08:36:12,-83,4
41,33,18075,2026-04-01,08:36:55,-96,10
42,501,10189,2026-04-01,08:37:22,-103,3
43,77,18073,2026-04-01,08:37:55,-90,10
44,312,18077,2026-04-01,08:38:33,-74,8
45,45,18069,2026-04-01,08:39:01,-80,9
46,188,10190,2026-04-01,08:39:44,-102,10
47,66,18074,2026-04-01,08:40:12,-95,5
48,412,18070,2026-04-01,08:40:55,-88,4
49,155,10191,2026-04-01,08:41:22,-79,10
50,501,18071,2026-04-01,08:41:55,-97,1
51,77,18068,2026-04-01,08:42:33,-92,2
52,288,18041,2026-04-01,08:43:01,-84,10
53,14,18045,2026-04-01,08:43:44,-99,3
54,33,12465,2026-04-01,08:44:12,-96,10
55,501,18042,2026-04-01,08:44:55,-89,8
56,77,18044,2026-04-01,08:45:22,-78,9
57,312,12464,2026-04-01,08:45:55,-103,10
58,45,12466,2026-04-01,08:46:33,-94,4
59,188,18043,2026-04-01,08:47:01,-87,10
60,66,6330,2026-04-01,08:47:44,-79,1
61,412,23766,2026-04-01,08:48:12,-85,2
62,155,23769,2026-04-01,08:48:55,-93,10
63,501,23764,2026-04-01,08:49:22,-89,5
64,77,6324,2026-04-01,08:49:55,-104,10
65,288,6327,2026-04-01,08:50:33,-98,3
66,14,23770,2026-04-01,08:51:01,-92,10
67,33,6328,2026-04-01,08:51:44,-87,8
68,501,6329,2026-04-01,08:52:12,-102,9
69,77,20249,2026-04-01,08:52:55,-96,10
70,312,10528,2026-04-01,08:53:22,-83,4
71,45,10529,2026-04-01,08:53:55,-78,10
72,188,20253,2026-04-01,08:54:33,-91,1
73,66,10519,2026-04-01,08:55:01,-88,2
74,412,10531,2026-04-01,08:55:44,-97,10
75,155,10530,2026-04-01,08:56:12,-84,5
76,501,10515,2026-04-01,08:56:55,-92,10
77,77,20245,2026-04-01,08:57:22,-103,3
78,288,10536,2026-04-01,08:57:55,-95,10
79,14,10537,2026-04-01,08:58:33,-89,8
80,33,6808,2026-04-01,08:59:01,-76,9
81,501,20517,2026-04-01,08:59:44,-84,10
82,77,6828,2026-04-01,09:00:12,-92,1
83,312,6609,2026-04-01,09:00:55,-101,2
84,45,6821,2026-04-01,09:01:22,-94,10
85,188,20518,2026-04-01,09:01:55,-88,5
86,66,6822,2026-04-01,09:02:33,-79,10
87,412,20520,2026-04-01,09:03:01,-86,4
88,155,6810,2026-04-01,09:03:44,-93,10
89,501,6605,2026-04-01,09:04:12,-102,3
90,77,2445,2026-04-01,09:04:55,-97,10
91,288,12467,2026-04-01,09:05:22,-82,8
92,14,12461,2026-04-01,09:05:55,-90,9
93,33,2447,2026-04-01,09:06:33,-103,10
94,501,12454,2026-04-01,09:07:01,-94,1
95,77,12452,2026-04-01,09:07:44,-87,2
96,312,2440,2026-04-01,09:08:12,-79,10
97,45,12460,2026-04-01,09:08:55,-92,5
98,188,12455,2026-04-01,09:09:22,-88,10
99,66,2448,2026-04-01,09:09:55,-83,4
100,412,2444,2026-04-01,09:10:33,-99,10
101,155,2436,2026-04-01,09:11:12,-88,10
102,501,19865,2026-04-01,09:11:44,-93,4
103,77,23346,2026-04-01,09:12:22,-79,5
104,288,17278,2026-04-01,09:12:55,-101,10
105,14,17280,2026-04-01,09:13:33,-96,8
106,33,19614,2026-04-01,09:14:01,-87,9
107,312,17269,2026-04-01,09:14:44,-82,10
108,45,19616,2026-04-01,09:15:12,-103,3
109,188,19613,2026-04-01,09:15:55,-94,10
110,66,17283,2026-04-01,09:16:22,-89,1
111,412,17284,2026-04-01,09:16:55,-78,2
112,155,18053,2026-04-01,09:17:33,-92,10
113,501,12424,2026-04-01,09:18:01,-86,5
114,77,18047,2026-04-01,09:18:44,-97,10
115,288,10225,2026-04-01,09:19:12,-90,4
116,14,12422,2026-04-01,09:19:55,-102,10
117,33,12421,2026-04-01,09:20:22,-95,8
118,312,18055,2026-04-01,09:20:55,-87,9
119,45,18048,2026-04-01,09:21:33,-79,10
120,188,12425,2026-04-01,09:22:01,-84,1
121,66,18054,2026-04-01,09:22:44,-92,2
122,412,18052,2026-04-01,09:23:12,-103,10
123,155,12420,2026-04-01,09:23:55,-97,3
124,501,18051,2026-04-01,09:24:22,-89,10
125,77,18050,2026-04-01,09:24:55,-83,5
126,288,12423,2026-04-01,09:25:33,-101,10
127,14,20250,2026-04-01,09:26:01,-94,4
128,33,10520,2026-04-01,09:26:44,-88,10
129,312,20246,2026-04-01,09:27:12,-96,8
130,45,10533,2026-04-01,09:27:55,-90,9
131,188,10539,2026-04-01,09:28:22,-82,10
132,66,10534,2026-04-01,09:28:55,-103,1
133,412,20247,2026-04-01,09:29:33,-97,2
134,155,10527,2026-04-01,09:30:01,-89,10
135,501,10526,2026-04-01,09:30:44,-84,5
136,77,10532,2026-04-01,09:31:12,-92,10
137,288,20259,2026-04-01,09:31:55,-101,3
138,14,6816,2026-04-01,09:32:22,-95,10
139,33,6603,2026-04-01,09:32:55,-88,4
140,312,6817,2026-04-01,09:33:33,-79,10
141,45,6819,2026-04-01,09:34:01,-93,8
142,188,6812,2026-04-01,09:34:44,-86,9
143,66,6818,2026-04-01,09:35:12,-102,10
144,412,20154,2026-04-01,09:35:55,-97,1
145,155,6794,2026-04-01,09:36:22,-89,2
146,501,20153,2026-04-01,09:36:55,-103,10
147,77,6796,2026-04-01,09:37:33,-96,5
148,288,6795,2026-04-01,09:38:01,-88,10
149,14,6797,2026-04-01,09:38:44,-92,4
150,33,20160,2026-04-01,09:39:12,-101,10
151,312,6798,2026-04-01,09:39:55,-95,8
152,45,20150,2026-04-01,09:40:22,-87,9
153,188,23348,2026-04-01,09:40:55,-82,10
154,66,1158,2026-04-01,09:41:33,-103,3
155,412,12213,2026-04-01,09:42:01,-97,10
156,155,12215,2026-04-01,09:42:44,-89,5
157,501,12214,2026-04-01,09:43:12,-94,10
158,77,1151,2026-04-01,09:43:55,-88,4
159,288,1150,2026-04-01,09:44:22,-102,10
160,14,12246,2026-04-01,09:44:55,-96,1
161,33,12235,2026-04-01,09:45:33,-90,2
162,312,11727,2026-04-01,09:46:01,-103,10
163,45,11734,2026-04-01,09:46:44,-95,8
164,188,15394,2026-04-01,09:47:12,-87,9
165,66,6776,2026-04-01,09:47:55,-82,10
166,412,15385,2026-04-01,09:48:22,-103,3
167,155,15395,2026-04-01,09:48:55,-97,10
168,501,15396,2026-04-01,09:49:33,-89,5
169,77,6777,2026-04-01,09:50:01,-92,10
170,288,6784,2026-04-01,09:50:44,-101,4
171,14,6783,2026-04-01,09:51:12,-95,10
172,33,15392,2026-04-01,09:51:55,-88,8
173,312,15388,2026-04-01,09:52:22,-79,9
174,45,15567,2026-04-01,09:52:55,-103,10
175,188,13319,2026-04-01,09:53:33,-97,1
176,66,13315,2026-04-01,09:54:01,-89,2
177,412,13314,2026-04-01,09:54:44,-102,10
178,155,15555,2026-04-01,09:55:12,-96,5
179,501,13325,2026-04-01,09:55:55,-88,10
180,77,13321,2026-04-01,09:56:22,-94,4
181,288,13324,2026-04-01,09:56:55,-102,10
182,14,15563,2026-04-01,09:57:33,-96,8
183,33,15566,2026-04-01,09:58:01,-87,9
184,312,15559,2026-04-01,09:58:44,-82,10
185,45,15564,2026-04-01,09:59:12,-103,3
186,188,13322,2026-04-01,09:59:55,-97,10
187,66,15556,2026-04-01,10:00:22,-89,5
188,412,13316,2026-04-01,10:00:55,-94,10
189,155,15558,2026-04-01,10:01:33,-88,4
190,501,13320,2026-04-01,10:02:01,-102,10
191,77,15562,2026-04-01,10:02:44,-96,1
192,288,15565,2026-04-01,10:03:12,-90,2
193,14,20265,2026-04-01,10:03:55,-103,10
194,33,10525,2026-04-01,10:04:22,-97,8
195,312,20263,2026-04-01,10:04:55,-89,9
196,45,20244,2026-04-01,10:05:33,-82,10
197,188,23350,2026-04-01,10:06:01,-103,3
198,66,19864,2026-04-01,10:06:44,-97,10
199,412,19861,2026-04-01,10:07:12,-89,5
200,155,19862,2026-04-01,10:07:55,-94,10
201,312,19862,2026-04-01,10:08:33,-101,10
202,45,23344,2026-04-01,10:09:01,-94,4
203,188,6136,2026-04-01,10:09:44,-88,5
204,66,23766,2026-04-01,10:10:12,-103,10
205,412,23769,2026-04-01,10:10:55,-97,8
206,155,23764,2026-04-01,10:11:22,-89,9
207,501,6324,2026-04-01,10:11:55,-82,10
208,77,6327,2026-04-01,10:12:33,-103,3
209,288,23770,2026-04-01,10:13:01,-96,10
210,14,6328,2026-04-01,10:13:44,-88,1
211,33,6329,2026-04-01,10:14:12,-92,2
212,312,20249,2026-04-01,10:14:55,-101,10
213,45,10528,2026-04-01,10:15:22,-95,5
214,188,10529,2026-04-01,10:15:55,-87,10
215,66,20253,2026-04-01,10:16:33,-103,4
216,412,10519,2026-04-01,10:17:01,-96,10
217,155,10531,2026-04-01,10:17:44,-89,8
218,501,10530,2026-04-01,10:18:12,-82,9
219,77,10515,2026-04-01,10:18:55,-103,10
220,288,20245,2026-04-01,10:19:22,-97,3
221,14,10536,2026-04-01,10:19:55,-92,10
222,33,10537,2026-04-01,10:20:33,-88,5
223,312,6808,2026-04-01,10:21:01,-79,10
224,45,20517,2026-04-01,10:21:44,-103,4
225,188,6828,2026-04-01,10:22:12,-96,10
226,66,6609,2026-04-01,10:22:55,-89,8
227,412,6821,2026-04-01,10:23:22,-82,9
228,155,20518,2026-04-01,10:23:55,-103,10
229,501,6822,2026-04-01,10:24:33,-97,1
230,77,20520,2026-04-01,10:25:01,-89,2
231,288,6810,2026-04-01,10:25:44,-102,10
232,14,6605,2026-04-01,10:26:12,-96,5
233,33,2445,2026-04-01,10:26:55,-88,10
234,312,12467,2026-04-01,10:27:22,-82,4
235,45,12461,2026-04-01,10:27:55,-103,10
236,188,2447,2026-04-01,10:28:33,-97,8
237,66,12454,2026-04-01,10:29:01,-89,9
238,412,12452,2026-04-01,10:29:44,-82,10
239,155,2440,2026-04-01,10:30:12,-103,3
240,501,12460,2026-04-01,10:30:55,-96,10
241,77,12455,2026-04-01,10:31:22,-88,5
242,288,2448,2026-04-01,10:31:55,-82,10
243,14,2444,2026-04-01,10:32:33,-103,4
244,33,2436,2026-04-01,10:33:01,-97,10
245,312,19865,2026-04-01,10:33:44,-89,8
246,45,23346,2026-04-01,10:34:12,-82,9
247,188,17278,2026-04-01,10:34:55,-103,10
248,66,17280,2026-04-01,10:35:22,-96,1
249,412,19614,2026-04-01,10:35:55,-88,2
250,155,17269,2026-04-01,10:36:33,-82,10
251,501,19616,2026-04-01,10:37:01,-103,5
252,77,19613,2026-04-01,10:37:44,-97,10
253,288,17283,2026-04-01,10:38:12,-89,4
254,14,17284,2026-04-01,10:38:55,-82,10
255,33,18053,2026-04-01,10:39:22,-103,3
256,312,12424,2026-04-01,10:39:55,-96,10
257,45,18047,2026-04-01,10:40:33,-88,8
258,188,10225,2026-04-01,10:41:01,-82,9
259,66,12422,2026-04-01,10:41:44,-103,10
260,412,12421,2026-04-01,10:42:12,-97,1
261,155,18055,2026-04-01,10:42:55,-89,2
262,501,18048,2026-04-01,10:43:22,-82,10
263,77,12425,2026-04-01,10:43:55,-103,5
264,288,18054,2026-04-01,10:44:33,-96,10
265,14,18052,2026-04-01,10:45:01,-88,4
266,33,12420,2026-04-01,10:45:44,-82,10
267,312,18051,2026-04-01,10:46:12,-103,3
268,45,18050,2026-04-01,10:46:55,-97,10
269,188,12423,2026-04-01,10:47:22,-89,8
270,66,20250,2026-04-01,10:47:55,-82,9
271,412,10520,2026-04-01,10:48:33,-103,10
272,155,20246,2026-04-01,10:49:01,-96,1
273,501,10533,2026-04-01,10:49:44,-88,2
274,77,10539,2026-04-01,10:50:12,-82,10
275,288,10534,2026-04-01,10:50:55,-103,5
276,14,20247,2026-04-01,10:51:22,-97,10
277,33,10527,2026-04-01,10:51:55,-89,4
278,312,10526,2026-04-01,10:52:33,-82,10
279,45,10532,2026-04-01,10:53:01,-103,3
280,188,20259,2026-04-01,10:53:44,-96,10
281,66,6816,2026-04-01,10:54:12,-88,8
282,412,6603,2026-04-01,10:54:55,-82,9
283,155,6817,2026-04-01,10:55:22,-103,10
284,501,6819,2026-04-01,10:55:55,-97,1
285,77,6812,2026-04-01,10:56:33,-89,2
286,288,6818,2026-04-01,10:57:01,-82,10
287,14,20154,2026-04-01,10:57:44,-103,5
288,33,6794,2026-04-01,10:58:12,-96,10
289,312,20153,2026-04-01,10:58:55,-88,4
290,45,6796,2026-04-01,10:59:22,-82,10
291,188,6795,2026-04-01,10:59:55,-103,3
292,66,6797,2026-04-01,11:00:33,-97,10
293,412,20160,2026-04-01,11:01:01,-89,8
294,155,6798,2026-04-01,11:01:44,-82,9
295,501,20150,2026-04-01,11:02:12,-103,10
296,77,23348,2026-04-01,11:02:55,-96,1
297,288,1158,2026-04-01,11:03:22,-88,2
298,14,12213,2026-04-01,11:03:55,-82,10
299,33,12215,2026-04-01,11:04:33,-103,5
300,312,12214,2026-04-01,11:05:01,-97,10
301,45,1150,2026-04-01,11:05:44,-102,10
302,188,12246,2026-04-01,11:06:12,-96,4
303,66,12235,2026-04-01,11:06:55,-88,5
304,412,11727,2026-04-01,11:07:22,-82,10
305,155,11734,2026-04-01,11:07:55,-103,8
306,501,15394,2026-04-01,11:08:33,-97,9
307,77,6776,2026-04-01,11:09:01,-89,10
308,288,15385,2026-04-01,11:09:44,-82,3
309,14,15395,2026-04-01,11:10:12,-103,10
310,33,15396,2026-04-01,11:10:55,-96,1
311,312,6777,2026-04-01,11:11:22,-88,2
312,45,6784,2026-04-01,11:11:55,-82,10
313,188,6783,2026-04-01,11:12:33,-103,5
314,66,15392,2026-04-01,11:13:01,-97,10
315,412,15388,2026-04-01,11:13:44,-89,4
316,155,15567,2026-04-01,11:14:12,-82,10
317,501,13319,2026-04-01,11:14:55,-103,3
318,77,13315,2026-04-01,11:15:22,-96,10
319,288,13314,2026-04-01,11:15:55,-88,8
320,14,15555,2026-04-01,11:16:33,-82,9
321,33,13325,2026-04-01,11:17:01,-103,10
322,312,13321,2026-04-01,11:17:44,-97,1
323,45,13324,2026-04-01,11:18:12,-89,2
324,188,15563,2026-04-01,11:18:55,-82,10
325,66,15566,2026-04-01,11:19:22,-103,5
326,412,15559,2026-04-01,11:19:55,-96,10
327,155,15564,2026-04-01,11:20:33,-88,4
328,501,13322,2026-04-01,11:21:01,-82,10
329,77,15556,2026-04-01,11:21:44,-103,3
330,288,13316,2026-04-01,11:22:12,-96,10
331,14,15558,2026-04-01,11:22:55,-88,8
332,33,13320,2026-04-01,11:23:22,-82,9
333,312,15562,2026-04-01,11:23:55,-103,10
334,45,15565,2026-04-01,11:24:33,-97,1
335,188,20265,2026-04-01,11:25:01,-89,2
336,66,10525,2026-04-01,11:25:44,-82,10
337,412,20263,2026-04-01,11:26:12,-103,5
338,155,20244,2026-04-01,11:26:55,-96,10
339,501,23350,2026-04-01,11:27:22,-88,4
340,77,19864,2026-04-01,11:27:55,-82,10
341,288,19861,2026-04-01,11:28:33,-103,3
342,14,19862,2026-04-01,11:29:01,-96,10
343,33,23344,2026-04-01,11:29:44,-88,8
344,312,6136,2026-04-01,11:30:12,-82,9
345,45,6133,2026-04-01,11:30:55,-103,10
346,188,15391,2026-04-01,11:31:22,-97,1
347,66,6776,2026-04-01,11:31:55,-89,2
348,412,15385,2026-04-01,11:32:33,-82,10
349,155,15395,2026-04-01,11:33:01,-103,5
350,501,15396,2026-04-01,11:33:44,-96,10
351,77,6777,2026-04-01,11:34:12,-88,4
352,288,6784,2026-04-01,11:34:55,-82,10
353,14,6783,2026-04-01,11:35:22,-103,3
354,33,15392,2026-04-01,11:35:55,-96,10
355,312,15388,2026-04-01,11:36:33,-88,8
356,45,15567,2026-04-01,11:37:01,-82,9
357,188,13319,2026-04-01,11:37:44,-103,10
358,66,13315,2026-04-01,11:38:12,-97,1
359,412,13314,2026-04-01,11:38:55,-89,2
360,155,15555,2026-04-01,11:39:22,-82,10
361,501,13325,2026-04-01,11:39:55,-103,5
362,77,13321,2026-04-01,11:40:33,-96,10
363,288,13324,2026-04-01,11:41:01,-88,4
364,14,15563,2026-04-01,11:41:44,-82,10
365,33,15566,2026-04-01,11:42:12,-103,3
366,312,15559,2026-04-01,11:42:55,-96,10
367,45,15564,2026-04-01,11:43:22,-88,8
368,188,13322,2026-04-01,11:43:55,-82,9
369,66,15556,2026-04-01,11:44:33,-103,10
370,412,13316,2026-04-01,11:45:01,-97,1
371,155,15558,2026-04-01,11:45:44,-89,2
372,501,13320,2026-04-01,11:46:12,-82,10
373,77,15562,2026-04-01,11:46:55,-103,5
374,288,15565,2026-04-01,11:47:22,-96,10
375,14,20265,2026-04-01,11:47:55,-88,4
376,33,10525,2026-04-01,11:48:33,-82,10
377,312,20263,2026-04-01,11:49:01,-103,3
378,45,20244,2026-04-01,11:49:44,-96,10
379,188,23350,2026-04-01,11:50:12,-88,8
380,66,19864,2026-04-01,11:50:55,-82,9
381,412,19861,2026-04-01,11:51:22,-103,10
382,155,19862,2026-04-01,11:51:55,-97,1
383,501,23344,2026-04-01,11:52:33,-89,2
384,77,6136,2026-04-01,11:53:01,-82,10
385,288,6133,2026-04-01,11:53:44,-103,5
386,14,15391,2026-04-01,11:54:12,-96,10
387,33,6776,2026-04-01,11:54:55,-88,4
388,312,15385,2026-04-01,11:55:22,-82,10
389,45,15395,2026-04-01,11:55:55,-103,3
390,188,15396,2026-04-01,11:56:33,-96,10
391,66,6777,2026-04-01,11:57:01,-88,8
392,412,6784,2026-04-01,11:57:44,-82,9
393,155,6783,2026-04-01,11:58:12,-103,10
394,501,15392,2026-04-01,11:58:55,-97,1
395,77,15388,2026-04-01,11:59:22,-89,2
396,288,15567,2026-04-01,11:59:55,-82,10
397,14,13319,2026-04-01,12:00:33,-103,5
398,33,13315,2026-04-01,12:01:01,-96,10
399,312,13314,2026-04-01,12:01:44,-88,4
400,45,15555,2026-04-01,12:02:12,-82,10
401,188,15556,2026-04-01,12:02:55,-103,10
402,66,13316,2026-04-01,12:03:22,-96,4
403,412,15558,2026-04-01,12:03:55,-88,5
404,155,13320,2026-04-01,12:04:33,-82,10
405,501,15562,2026-04-01,12:05:01,-103,8
406,77,15565,2026-04-01,12:05:44,-97,9
407,288,20265,2026-04-01,12:06:12,-89,10
408,14,10525,2026-04-01,12:06:55,-82,3
409,33,20263,2026-04-01,12:07:22,-103,10
410,312,20244,2026-04-01,12:07:55,-96,1
411,45,23350,2026-04-01,12:08:33,-88,2
412,188,19864,2026-04-01,12:09:01,-82,10
413,66,19861,2026-04-01,12:09:44,-103,5
414,412,19862,2026-04-01,12:10:12,-96,10
415,155,23344,2026-04-01,12:10:55,-88,4
416,501,6136,2026-04-01,12:11:22,-82,10
417,77,6133,2026-04-01,12:11:55,-103,3
418,288,15391,2026-04-01,12:12:33,-96,10
419,14,6776,2026-04-01,12:13:01,-88,8
420,33,15385,2026-04-01,12:13:44,-82,9
421,312,15395,2026-04-01,12:14:12,-103,10
422,45,15396,2026-04-01,12:14:55,-97,1
423,188,6777,2026-04-01,12:15:22,-89,2
424,66,6784,2026-04-01,12:15:55,-82,10
425,412,6783,2026-04-01,12:16:33,-103,5
426,155,15392,2026-04-01,12:17:01,-96,10
427,501,15388,2026-04-01,12:17:44,-88,4
428,77,15567,2026-04-01,12:18:12,-82,10
429,288,13319,2026-04-01,12:18:55,-103,3
430,14,13315,2026-04-01,12:19:22,-96,10
431,33,13314,2026-04-01,12:19:55,-88,8
432,312,15555,2026-04-01,12:20:33,-82,9
433,45,13325,2026-04-01,12:21:01,-103,10
434,188,13321,2026-04-01,12:21:44,-97,1
435,66,13324,2026-04-01,12:22:12,-89,2
436,412,15563,2026-04-01,12:22:55,-82,10
437,155,15566,2026-04-01,12:23:22,-103,5
438,501,15559,2026-04-01,12:23:55,-96,10
439,77,15564,2026-04-01,12:24:33,-88,4
440,288,13322,2026-04-01,12:25:01,-82,10
441,14,15556,2026-04-01,12:25:44,-103,3
442,33,13316,2026-04-01,12:26:12,-96,10
443,312,15558,2026-04-01,12:26:55,-88,8
444,45,13320,2026-04-01,12:27:22,-82,9
445,188,15562,2026-04-01,12:27:55,-103,10
446,66,15565,2026-04-01,12:28:33,-97,1
447,412,20265,2026-04-01,12:29:01,-89,2
448,155,10525,2026-04-01,12:29:44,-82,10
449,501,20263,2026-04-01,12:30:12,-103,5
450,77,20244,2026-04-01,12:30:55,-96,10
451,288,23350,2026-04-01,12:31:22,-88,4
452,14,19864,2026-04-01,12:31:55,-82,10
453,33,19861,2026-04-01,12:32:33,-103,3
454,312,19862,2026-04-01,12:33:01,-96,10
455,45,23344,2026-04-01,12:33:44,-88,8
456,188,6136,2026-04-01,12:34:12,-82,9
457,66,6133,2026-04-01,12:34:55,-103,10
458,412,15391,2026-04-01,12:35:22,-97,1
459,155,6776,2026-04-01,12:35:55,-89,2
460,501,15385,2026-04-01,12:36:33,-82,10
461,77,15395,2026-04-01,12:37:01,-103,5
462,288,15396,2026-04-01,12:37:44,-96,10
463,14,6777,2026-04-01,12:38:12,-88,4
464,33,6784,2026-04-01,12:38:55,-82,10
465,312,6783,2026-04-01,12:39:22,-103,3
466,45,15392,2026-04-01,12:39:55,-96,10
467,188,15388,2026-04-01,12:40:33,-88,8
468,66,15567,2026-04-01,12:41:01,-82,9
469,412,13319,2026-04-01,12:41:44,-103,10
470,155,13315,2026-04-01,12:42:12,-97,1
471,501,13314,2026-04-01,12:42:55,-89,2
472,77,15555,2026-04-01,12:43:22,-82,10
473,288,13325,2026-04-01,12:43:55,-103,5
474,14,13321,2026-04-01,12:44:33,-96,10
475,33,13324,2026-04-01,12:45:01,-88,4
476,312,15563,2026-04-01,12:45:44,-82,10
477,45,15566,2026-04-01,12:46:12,-103,3
478,188,15559,2026-04-01,12:46:55,-96,10
479,66,15564,2026-04-01,12:47:22,-88,8
480,412,13322,2026-04-01,12:47:55,-82,9
481,155,15556,2026-04-01,12:48:33,-103,10
482,501,13316,2026-04-01,12:49:01,-97,1
483,77,15558,2026-04-01,12:49:44,-89,2
484,288,13320,2026-04-01,12:50:12,-82,10
485,14,15562,2026-04-01,12:50:55,-103,5
486,33,15565,2026-04-01,12:51:22,-96,10
487,312,20265,2026-04-01,12:51:55,-88,4
488,45,10525,2026-04-01,12:52:33,-82,10
489,188,20263,2026-04-01,12:53:01,-103,3
490,66,20244,2026-04-01,12:53:44,-96,10
491,412,23350,2026-04-01,12:54:12,-88,8
492,155,19864,2026-04-01,12:54:55,-82,9
493,501,19861,2026-04-01,12:55:22,-103,10
494,77,19862,2026-04-01,12:55:55,-97,1
495,288,23344,2026-04-01,12:56:33,-89,2
496,14,6136,2026-04-01,12:57:01,-82,10
497,33,6133,2026-04-01,12:57:44,-103,5
498,312,15391,2026-04-01,12:58:12,-96,10
499,45,6776,2026-04-01,12:58:55,-88,4
500,188,15385,2026-04-01,12:59:22,-82,10
501,77,15395,2026-04-01,12:59:55,-103,10
502,288,15396,2026-04-01,13:00:33,-96,4
503,14,6777,2026-04-01,13:01:01,-88,5
504,33,6784,2026-04-01,13:01:44,-82,10
505,312,6783,2026-04-01,13:02:12,-103,8
506,45,15392,2026-04-01,13:02:55,-97,9
507,188,15388,2026-04-01,13:03:22,-89,10
508,66,15567,2026-04-01,13:03:55,-82,3
509,412,13319,2026-04-01,13:04:33,-103,10
510,155,13315,2026-04-01,13:05:01,-96,1
511,501,13314,2026-04-01,13:05:44,-88,2
512,77,15555,2026-04-01,13:06:12,-82,10
513,288,13325,2026-04-01,13:06:55,-103,5
514,14,13321,2026-04-01,13:07:22,-96,10
515,33,13324,2026-04-01,13:07:55,-88,4
516,312,15563,2026-04-01,13:08:33,-82,10
517,45,15566,2026-04-01,13:09:01,-103,3
518,188,15559,2026-04-01,13:09:44,-96,10
519,66,15564,2026-04-01,13:10:12,-88,8
520,412,13322,2026-04-01,13:10:55,-82,9
521,155,15556,2026-04-01,13:11:22,-103,10
522,501,13316,2026-04-01,13:11:55,-97,1
523,77,15558,2026-04-01,13:12:33,-89,2
524,288,13320,2026-04-01,13:13:01,-82,10
525,14,15562,2026-04-01,13:13:44,-103,5
526,33,15565,2026-04-01,13:14:12,-96,10
527,312,20265,2026-04-01,13:14:55,-88,4
528,45,10525,2026-04-01,13:15:22,-82,10
529,188,20263,2026-04-01,13:15:55,-103,3
530,66,20244,2026-04-01,13:16:33,-96,10
531,412,23350,2026-04-01,13:17:01,-88,8
532,155,19864,2026-04-01,13:17:44,-82,9
533,501,19861,2026-04-01,13:18:12,-103,10
534,77,19862,2026-04-01,13:18:55,-97,1
535,288,23344,2026-04-01,13:19:22,-89,2
536,14,6136,2026-04-01,13:19:55,-82,10
537,33,6133,2026-04-01,13:20:33,-103,5
538,312,15391,2026-04-01,13:21:01,-96,10
539,45,6776,2026-04-01,13:21:44,-88,4
540,188,15385,2026-04-01,13:22:12,-82,10
541,66,15395,2026-04-01,13:22:55,-103,3
542,412,15396,2026-04-01,13:23:22,-96,10
543,155,6777,2026-04-01,13:23:55,-88,8
544,501,6784,2026-04-01,13:24:33,-82,9
545,77,6783,2026-04-01,13:25:01,-103,10
546,288,15392,2026-04-01,13:25:44,-97,1
547,14,15388,2026-04-01,13:26:12,-89,2
548,33,15567,2026-04-01,13:26:55,-82,10
549,312,13319,2026-04-01,13:27:22,-103,5
550,45,13315,2026-04-01,13:27:55,-96,10
551,188,13314,2026-04-01,13:28:33,-88,4
552,66,15555,2026-04-01,13:29:01,-82,10
553,412,13325,2026-04-01,13:29:44,-103,3
554,155,13321,2026-04-01,13:30:12,-96,10
555,501,13324,2026-04-01,13:30:55,-88,8
556,77,15563,2026-04-01,13:31:22,-82,9
557,288,15566,2026-04-01,13:31:55,-103,10
558,14,15559,2026-04-01,13:32:33,-97,1
559,33,15564,2026-04-01,13:33:01,-89,2
560,312,13322,2026-04-01,13:33:44,-82,10
561,45,15556,2026-04-01,13:34:12,-103,5
562,188,13316,2026-04-01,13:34:55,-96,10
563,66,15558,2026-04-01,13:35:22,-88,4
564,412,13320,2026-04-01,13:35:55,-82,10
565,155,15562,2026-04-01,13:36:33,-103,3
566,501,15565,2026-04-01,13:37:01,-96,10
567,77,20265,2026-04-01,13:37:44,-88,8
568,288,10525,2026-04-01,13:38:12,-82,9
569,14,20263,2026-04-01,13:38:55,-103,10
570,33,20244,2026-04-01,13:39:22,-97,1
571,312,23350,2026-04-01,13:39:55,-89,2
572,45,19864,2026-04-01,13:40:33,-82,10
573,188,19861,2026-04-01,13:41:01,-103,5
574,66,19862,2026-04-01,13:41:44,-96,10
575,412,23344,2026-04-01,13:42:12,-88,4
576,155,6136,2026-04-01,13:42:55,-82,10
577,501,6133,2026-04-01,13:43:22,-103,3
578,77,15391,2026-04-01,13:43:55,-96,10
579,288,6776,2026-04-01,13:44:33,-88,8
580,14,15385,2026-04-01,13:45:01,-82,9
581,33,15395,2026-04-01,13:45:44,-103,10
582,312,15396,2026-04-01,13:46:12,-97,1
583,45,6777,2026-04-01,13:46:55,-89,2
584,188,6784,2026-04-01,13:47:22,-82,10
585,66,6783,2026-04-01,13:47:55,-103,5
586,412,15392,2026-04-01,13:48:33,-96,10
587,155,15388,2026-04-01,13:49:01,-88,4
588,501,15567,2026-04-01,13:49:44,-82,10
589,77,13319,2026-04-01,13:50:12,-103,3
590,288,13315,2026-04-01,13:50:55,-96,10
591,14,13314,2026-04-01,13:51:22,-88,8
592,33,15555,2026-04-01,13:51:55,-82,9
593,312,13325,2026-04-01,13:52:33,-103,10
594,45,13321,2026-04-01,13:53:01,-97,1
595,188,13324,2026-04-01,13:53:44,-89,2
596,66,15563,2026-04-01,13:54:12,-82,10
597,412,15566,2026-04-01,13:54:55,-103,5
598,155,15559,2026-04-01,13:55:22,-96,10
599,501,15564,2026-04-01,13:55:55,-88,4
600,77,13322,2026-04-01,13:56:33,-82,10
601,288,15556,2026-04-01,13:57:01,-103,10
602,14,13316,2026-04-01,13:57:44,-96,4
603,33,15558,2026-04-01,13:58:12,-88,5
604,312,13320,2026-04-01,13:58:55,-82,10
605,45,15562,2026-04-01,13:59:22,-103,8
606,188,15565,2026-04-01,13:59:55,-97,9
607,66,20265,2026-04-01,14:00:33,-89,10
608,412,10525,2026-04-01,14:01:01,-82,3
609,155,20263,2026-04-01,14:01:44,-103,10
610,501,20244,2026-04-01,14:02:12,-96,1
611,77,23350,2026-04-01,14:02:55,-88,2
612,288,19864,2026-04-01,14:03:22,-82,10
613,14,19861,2026-04-01,14:03:55,-103,5
614,33,19862,2026-04-01,14:04:33,-96,10
615,312,23344,2026-04-01,14:05:01,-88,4
616,45,6136,2026-04-01,14:05:44,-82,10
617,188,6133,2026-04-01,14:06:12,-103,3
618,66,15391,2026-04-01,14:06:55,-96,10
619,412,6776,2026-04-01,14:07:22,-88,8
620,155,15385,2026-04-01,14:07:55,-82,9
621,501,15395,2026-04-01,14:08:33,-103,10
622,77,15396,2026-04-01,14:09:01,-97,1
623,288,6777,2026-04-01,14:09:44,-89,2
624,14,6784,2026-04-01,14:10:12,-82,10
625,33,6783,2026-04-01,14:10:55,-103,5
626,312,15392,2026-04-01,14:11:22,-96,10
627,45,15388,2026-04-01,14:11:55,-88,4
628,188,15567,2026-04-01,14:12:33,-82,10
629,66,13319,2026-04-01,14:13:01,-103,3
630,412,13315,2026-04-01,14:13:44,-96,10
631,155,13314,2026-04-01,14:14:12,-88,8
632,501,15555,2026-04-01,14:14:55,-82,9
633,77,13325,2026-04-01,14:15:22,-103,10
634,288,13321,2026-04-01,14:15:55,-97,1
635,14,13324,2026-04-01,14:16:33,-89,2
636,33,15563,2026-04-01,14:17:01,-82,10
637,312,15566,2026-04-01,14:17:44,-103,5
638,45,15559,2026-04-01,14:18:12,-96,10
639,188,15564,2026-04-01,14:18:55,-88,4
640,66,13322,2026-04-01,14:19:22,-82,10
641,412,15556,2026-04-01,14:19:55,-103,3
642,155,13316,2026-04-01,14:20:33,-96,10
643,501,15558,2026-04-01,14:21:01,-88,8
644,77,13320,2026-04-01,14:21:44,-82,9
645,288,15562,2026-04-01,14:22:12,-103,10
646,14,15565,2026-04-01,14:22:55,-97,1
647,33,20265,2026-04-01,14:23:22,-89,2
648,312,10525,2026-04-01,14:23:55,-82,10
649,45,20263,2026-04-01,14:24:33,-103,5
650,188,20244,2026-04-01,14:25:01,-96,10
651,66,23350,2026-04-01,14:25:44,-88,4
652,412,19864,2026-04-01,14:26:12,-82,10
653,155,19861,2026-04-01,14:26:55,-103,3
654,501,19862,2026-04-01,14:27:22,-96,10
655,77,23344,2026-04-01,14:27:55,-88,8
656,288,6136,2026-04-01,14:28:33,-82,9
657,14,6133,2026-04-01,14:29:01,-103,10
658,33,15391,2026-04-01,14:29:44,-97,1
659,312,6776,2026-04-01,14:30:12,-89,2
660,45,15385,2026-04-01,14:30:55,-82,10
661,188,15395,2026-04-01,14:31:22,-103,5
662,66,15396,2026-04-01,14:31:55,-96,10
663,412,6777,2026-04-01,14:32:33,-88,4
664,155,6784,2026-04-01,14:33:01,-82,10
665,501,6783,2026-04-01,14:33:44,-103,3
666,77,15392,2026-04-01,14:34:12,-96,10
667,288,15388,2026-04-01,14:34:55,-88,8
668,14,15567,2026-04-01,14:35:22,-82,9
669,33,13319,2026-04-01,14:35:55,-103,10
670,312,13315,2026-04-01,14:36:33,-97,1
671,45,13314,2026-04-01,14:37:01,-89,2
672,188,15555,2026-04-01,14:37:44,-82,10
673,66,13325,2026-04-01,14:38:12,-103,5
674,412,13321,2026-04-01,14:38:55,-96,10
675,155,13324,2026-04-01,14:39:22,-88,4
676,501,15563,2026-04-01,14:39:55,-82,10
677,77,15566,2026-04-01,14:40:33,-103,3
678,288,15559,2026-04-01,14:41:01,-96,10
679,14,15564,2026-04-01,14:41:44,-88,8
680,33,13322,2026-04-01,14:42:12,-82,9
681,312,15556,2026-04-01,14:42:55,-103,10
682,45,13316,2026-04-01,14:43:22,-97,1
683,188,15558,2026-04-01,14:43:55,-89,2
684,66,13320,2026-04-01,14:44:33,-82,10
685,412,15562,2026-04-01,14:45:01,-103,5
686,155,15565,2026-04-01,14:45:44,-96,10
687,501,20265,2026-04-01,14:46:12,-88,4
688,77,10525,2026-04-01,14:46:55,-82,10
689,288,20263,2026-04-01,14:47:22,-103,3
690,14,20244,2026-04-01,14:47:55,-96,10
691,33,23350,2026-04-01,14:48:33,-88,8
692,312,19864,2026-04-01,14:49:01,-82,9
693,45,19861,2026-04-01,14:49:44,-103,10
694,188,19862,2026-04-01,14:50:12,-97,1
695,66,23344,2026-04-01,14:50:55,-89,2
696,412,6136,2026-04-01,14:51:22,-82,10
697,155,6133,2026-04-01,14:51:55,-103,5
698,501,15391,2026-04-01,14:52:33,-96,10
699,77,6776,2026-04-01,14:53:01,-88,4
700,288,15385,2026-04-01,14:53:44,-82,10
701,14,15395,2026-04-01,14:54:12,-103,10
702,33,15396,2026-04-01,14:54:55,-96,4
703,312,6777,2026-04-01,14:55:22,-88,5
704,45,6784,2026-04-01,14:55:55,-82,10
705,188,6783,2026-04-01,14:56:33,-103,8
706,66,15392,2026-04-01,14:57:01,-97,9
707,412,15388,2026-04-01,14:57:44,-89,10
708,155,15567,2026-04-01,14:58:12,-82,3
709,501,13319,2026-04-01,14:58:55,-103,10
710,77,13315,2026-04-01,14:59:22,-96,1
711,288,13314,2026-04-01,14:59:55,-88,2
712,14,15555,2026-04-01,15:00:33,-82,10
713,33,13325,2026-04-01,15:01:01,-103,5
714,312,13321,2026-04-01,15:01:44,-96,10
715,45,13324,2026-04-01,15:02:12,-88,4
716,188,15563,2026-04-01,15:02:55,-82,10
717,66,15566,2026-04-01,15:03:22,-103,3
718,412,15559,2026-04-01,15:03:55,-96,10
719,155,15564,2026-04-01,15:04:33,-88,8
720,501,13322,2026-04-01,15:05:01,-82,9
721,77,15556,2026-04-01,15:05:44,-103,10
722,288,13316,2026-04-01,15:06:12,-97,1
723,14,15558,2026-04-01,15:06:55,-89,2
724,33,13320,2026-04-01,15:07:22,-82,10
725,312,15562,2026-04-01,15:07:55,-103,5
726,45,15565,2026-04-01,15:08:33,-96,10
727,188,20265,2026-04-01,15:09:01,-88,4
728,66,10525,2026-04-01,15:09:44,-82,10
729,412,20263,2026-04-01,15:10:12,-103,3
730,155,20244,2026-04-01,15:10:55,-96,10
731,501,23350,2026-04-01,15:11:22,-88,8
732,77,19864,2026-04-01,15:11:55,-82,9
733,288,19861,2026-04-01,15:12:33,-103,10
734,14,19862,2026-04-01,15:13:01,-97,1
735,33,23344,2026-04-01,15:13:44,-89,2
736,312,6136,2026-04-01,15:14:12,-82,10
737,45,6133,2026-04-01,15:14:55,-103,5
738,188,15391,2026-04-01,15:15:22,-96,10
739,66,6776,2026-04-01,15:15:55,-88,4
740,412,15385,2026-04-01,15:16:33,-82,10
741,155,15395,2026-04-01,15:17:01,-103,3
742,501,15396,2026-04-01,15:17:44,-96,10
743,77,6777,2026-04-01,15:18:12,-88,8
744,288,6784,2026-04-01,15:18:55,-82,9
745,14,6783,2026-04-01,15:19:22,-103,10
746,33,15392,2026-04-01,15:19:55,-97,1
747,312,15388,2026-04-01,15:20:33,-89,2
748,45,15567,2026-04-01,15:21:01,-82,10
749,188,13319,2026-04-01,15:21:44,-103,5
750,66,13315,2026-04-01,15:22:12,-96,10
751,412,13314,2026-04-01,15:22:55,-88,4
752,155,15555,2026-04-01,15:23:22,-82,10
753,501,13325,2026-04-01,15:23:55,-103,3
754,77,13321,2026-04-01,15:24:33,-96,10
755,288,13324,2026-04-01,15:25:01,-88,8
756,14,15563,2026-04-01,15:25:44,-82,9
757,33,15566,2026-04-01,15:26:12,-103,10
758,312,15559,2026-04-01,15:26:55,-96,1
759,45,15564,2026-04-01,15:27:22,-89,2
760,188,13322,2026-04-01,15:27:55,-82,10
761,66,15556,2026-04-01,15:28:33,-103,5
762,412,13316,2026-04-01,15:29:01,-96,10
763,155,15558,2026-04-01,15:29:44,-88,4
764,501,13320,2026-04-01,15:30:12,-82,10
765,77,15562,2026-04-01,15:30:55,-103,3
766,288,15565,2026-04-01,15:31:22,-96,10
767,14,20265,2026-04-01,15:31:55,-88,8
768,33,10525,2026-04-01,15:32:33,-82,9
769,312,20263,2026-04-01,15:33:01,-103,10
770,45,20244,2026-04-01,15:33:44,-97,1
771,188,23350,2026-04-01,15:34:12,-89,2
772,66,19864,2026-04-01,15:34:55,-82,10
773,412,19861,2026-04-01,15:35:22,-103,5
774,155,19862,2026-04-01,15:35:55,-96,10
775,501,23344,2026-04-01,15:36:33,-88,4
776,77,6136,2026-04-01,15:37:01,-82,10
777,288,6133,2026-04-01,15:37:44,-103,3
778,14,15391,2026-04-01,15:38:12,-96,10
779,33,6776,2026-04-01,15:38:55,-88,8
780,312,15385,2026-04-01,15:39:22,-82,9
781,45,15395,2026-04-01,15:39:55,-103,10
782,188,15396,2026-04-01,15:40:33,-97,1
783,66,6777,2026-04-01,15:41:01,-89,2
784,412,6784,2026-04-01,15:41:44,-82,10
785,155,6783,2026-04-01,15:42:12,-103,5
786,501,15392,2026-04-01,15:42:55,-96,10
787,77,15388,2026-04-01,15:43:22,-88,4
788,288,15567,2026-04-01,15:43:55,-82,10
789,14,13319,2026-04-01,15:44:33,-103,3
790,33,13315,2026-04-01,15:45:01,-96,10
791,312,13314,2026-04-01,15:45:44,-88,8
792,45,15555,2026-04-01,15:46:12,-82,9
793,188,13325,2026-04-01,15:46:55,-103,10
794,66,13321,2026-04-01,15:47:22,-97,1
795,412,13324,2026-04-01,15:47:55,-89,2
796,155,15563,2026-04-01,15:48:33,-82,10
797,501,15566,2026-04-01,15:49:01,-103,5
798,77,15559,2026-04-01,15:49:44,-96,10
799,288,15564,2026-04-01,15:50:12,-88,4
800,14,13322,2026-04-01,15:50:55,-82,10
801,33,15566,2026-04-01,15:51:22,-103,10
802,312,15559,2026-04-01,15:51:55,-96,4
803,45,15564,2026-04-01,15:52:33,-88,5
804,188,13322,2026-04-01,15:53:01,-82,10
805,66,15556,2026-04-01,15:53:44,-103,8
806,412,13316,2026-04-01,15:54:12,-97,9
807,155,15558,2026-04-01,15:54:55,-89,10
808,501,13320,2026-04-01,15:55:22,-82,3
809,77,15562,2026-04-01,15:55:55,-103,10
810,288,15565,2026-04-01,15:56:33,-96,1
811,14,20265,2026-04-01,15:57:01,-88,2
812,33,10525,2026-04-01,15:57:44,-82,10
813,312,20263,2026-04-01,15:58:12,-103,5
814,45,20244,2026-04-01,15:58:55,-96,10
815,188,23350,2026-04-01,15:59:22,-88,4
816,66,19864,2026-04-01,15:59:55,-82,10
817,412,19861,2026-04-01,16:00:33,-103,3
818,155,19862,2026-04-01,16:01:01,-96,10
819,501,23344,2026-04-01,16:01:44,-88,8
820,77,6136,2026-04-01,16:02:12,-82,9
821,288,6133,2026-04-01,16:02:55,-103,10
822,14,15391,2026-04-01,16:03:22,-97,1
823,33,6776,2026-04-01,16:03:55,-89,2
824,312,15385,2026-04-01,16:04:33,-82,10
825,45,15395,2026-04-01,16:05:01,-103,5
826,188,15396,2026-04-01,16:05:44,-96,10
827,66,6777,2026-04-01,16:06:12,-88,4
828,412,6784,2026-04-01,16:06:55,-82,10
829,155,6783,2026-04-01,16:07:22,-103,3
830,501,15392,2026-04-01,16:07:55,-96,10
831,77,15388,2026-04-01,16:08:33,-88,8
832,288,15567,2026-04-01,16:09:01,-82,9
833,14,13319,2026-04-01,16:09:44,-103,10
834,33,13315,2026-04-01,16:10:12,-97,1
835,312,13314,2026-04-01,16:10:55,-89,2
836,45,15555,2026-04-01,16:11:22,-82,10
837,188,13325,2026-04-01,16:11:55,-103,5
838,66,13321,2026-04-01,16:12:33,-96,10
839,412,13324,2026-04-01,16:13:01,-88,4
840,155,15563,2026-04-01,16:13:44,-82,10
841,501,15566,2026-04-01,16:14:12,-103,3
842,77,15559,2026-04-01,16:14:55,-96,10
843,288,15564,2026-04-01,16:15:22,-88,8
844,14,13322,2026-04-01,16:15:55,-82,9
845,33,15556,2026-04-01,16:16:33,-103,10
846,312,13316,2026-04-01,16:17:01,-97,1
847,45,15558,2026-04-01,16:17:44,-89,2
848,188,13320,2026-04-01,16:18:12,-82,10
849,66,15562,2026-04-01,16:18:55,-103,5
850,412,15565,2026-04-01,16:19:22,-96,10
851,155,20265,2026-04-01,16:19:55,-88,4
852,501,10525,2026-04-01,16:20:33,-82,10
853,77,20263,2026-04-01,16:21:01,-103,3
854,288,20244,2026-04-01,16:21:44,-96,10
855,14,23350,2026-04-01,16:22:12,-88,8
856,33,19864,2026-04-01,16:22:55,-82,9
857,312,19861,2026-04-01,16:23:22,-103,10
858,45,19862,2026-04-01,16:23:55,-97,1
859,188,23344,2026-04-01,16:24:33,-89,2
860,66,6136,2026-04-01,16:25:01,-82,10
861,412,6133,2026-04-01,16:25:44,-103,5
862,155,15391,2026-04-01,16:26:12,-96,10
863,501,6776,2026-04-01,16:26:55,-88,4
864,77,15385,2026-04-01,16:27:22,-82,10
865,288,15395,2026-04-01,16:27:55,-103,3
866,14,15396,2026-04-01,16:28:33,-96,10
867,33,6777,2026-04-01,16:29:01,-88,8
868,312,6784,2026-04-01,16:29:44,-82,9
869,45,6783,2026-04-01,16:30:12,-103,10
870,188,15392,2026-04-01,16:30:55,-97,1
871,66,15388,2026-04-01,16:31:22,-89,2
872,412,15567,2026-04-01,16:31:55,-82,10
873,155,13319,2026-04-01,16:32:33,-103,5
874,501,13315,2026-04-01,16:33:01,-96,10
875,77,13314,2026-04-01,16:33:44,-88,4
876,288,15555,2026-04-01,16:34:12,-82,10
877,14,13325,2026-04-01,16:34:55,-103,3
878,33,13321,2026-04-01,16:35:22,-96,10
879,312,13324,2026-04-01,16:35:55,-88,8
880,45,15563,2026-04-01,16:36:33,-82,9
881,188,15566,2026-04-01,16:37:01,-103,10
882,66,15559,2026-04-01,16:37:44,-96,1
883,412,15564,2026-04-01,16:38:12,-89,2
884,155,13322,2026-04-01,16:38:55,-82,10
885,501,15556,2026-04-01,16:39:22,-103,5
886,77,13316,2026-04-01,16:39:55,-96,10
887,288,15558,2026-04-01,16:40:33,-88,4
888,14,13320,2026-04-01,16:41:01,-82,10
889,33,15562,2026-04-01,16:41:44,-103,3
890,312,15565,2026-04-01,16:42:12,-96,10
891,45,20265,2026-04-01,16:42:55,-88,8
892,188,10525,2026-04-01,16:43:22,-82,9
893,66,20263,2026-04-01,16:43:55,-103,10
894,412,20244,2026-04-01,16:44:33,-97,1
895,155,23350,2026-04-01,16:45:01,-89,2
896,501,19864,2026-04-01,16:45:44,-82,10
897,77,19861,2026-04-01,16:46:12,-103,5
898,288,19862,2026-04-01,16:46:55,-96,10
899,14,23344,2026-04-01,16:47:22,-88,4
900,33,6136,2026-04-01,16:47:55,-82,10
901,312,6133,2026-04-01,16:48:33,-103,10
902,45,15391,2026-04-01,16:49:01,-96,4
903,188,6776,2026-04-01,16:49:44,-88,5
904,66,15385,2026-04-01,16:50:12,-82,10
905,412,15395,2026-04-01,16:50:55,-103,8
906,155,15396,2026-04-01,16:51:22,-97,9
907,501,6777,2026-04-01,16:51:55,-89,10
908,77,6784,2026-04-01,16:52:33,-82,3
909,288,6783,2026-04-01,16:53:01,-103,10
910,14,15392,2026-04-01,16:53:44,-96,1
911,33,15388,2026-04-01,16:54:12,-89,2
912,312,15567,2026-04-01,16:54:55,-82,10
913,45,13319,2026-04-01,16:55:22,-103,5
914,188,13315,2026-04-01,16:55:55,-96,10
915,66,13314,2026-04-01,16:56:33,-88,4
916,412,15555,2026-04-01,16:57:01,-82,10
917,155,13325,2026-04-01,16:57:44,-103,3
918,501,13321,2026-04-01,16:58:12,-96,10
919,77,13324,2026-04-01,16:58:55,-88,8
920,288,15563,2026-04-01,16:59:22,-82,9
921,14,15566,2026-04-01,16:59:55,-103,10
922,33,15559,2026-04-01,17:00:33,-96,1
923,312,15564,2026-04-01,17:01:01,-89,2
924,45,13322,2026-04-01,17:01:44,-82,10
925,188,15556,2026-04-01,17:02:12,-103,5
926,66,13316,2026-04-01,17:02:55,-96,10
927,412,15558,2026-04-01,17:03:22,-88,4
928,155,13320,2026-04-01,17:03:55,-82,10
929,501,15562,2026-04-01,17:04:33,-103,3
930,77,15565,2026-04-01,17:05:01,-96,10
931,288,20265,2026-04-01,17:05:44,-88,8
932,14,10525,2026-04-01,17:06:12,-82,9
933,33,20263,2026-04-01,17:06:55,-103,10
934,312,20244,2026-04-01,17:07:22,-97,1
935,45,23350,2026-04-01,17:07:55,-89,2
936,188,19864,2026-04-01,17:08:33,-82,10
937,66,19861,2026-04-01,17:09:01,-103,5
938,412,19862,2026-04-01,17:09:44,-96,10
939,155,23344,2026-04-01,17:10:12,-88,4
940,501,6136,2026-04-01,17:10:55,-82,10
941,77,6133,2026-04-01,17:11:22,-103,3
942,288,15391,2026-04-01,17:11:55,-96,10
943,14,6776,2026-04-01,17:12:33,-88,8
944,33,15385,2026-04-01,17:13:01,-82,9
945,312,15395,2026-04-01,17:13:44,-103,10
946,45,15396,2026-04-01,17:14:12,-97,1
947,188,6777,2026-04-01,17:14:55,-89,2
948,66,6784,2026-04-01,17:15:22,-82,10
949,412,6783,2026-04-01,17:15:55,-103,5
950,155,15392,2026-04-01,17:16:33,-96,10
951,501,15388,2026-04-01,17:17:01,-88,4
952,77,15567,2026-04-01,17:17:44,-82,10
953,288,13319,2026-04-01,17:18:12,-103,3
954,14,13315,2026-04-01,17:18:55,-96,10
955,33,13314,2026-04-01,17:19:22,-88,8
956,312,15555,2026-04-01,17:19:55,-82,9
957,45,13325,2026-04-01,17:20:33,-103,10
958,188,13321,2026-04-01,17:21:01,-97,1
959,66,13324,2026-04-01,17:21:44,-89,2
960,412,15563,2026-04-01,17:22:12,-82,10
961,155,15566,2026-04-01,17:22:55,-103,5
962,501,15559,2026-04-01,17:23:22,-96,10
963,77,15564,2026-04-01,17:23:55,-88,4
964,288,13322,2026-04-01,17:24:33,-82,10
965,14,15556,2026-04-01,17:25:01,-103,3
966,33,13316,2026-04-01,17:25:44,-96,10
967,312,15558,2026-04-01,17:26:12,-88,8
968,45,13320,2026-04-01,17:26:55,-82,9
969,188,15562,2026-04-01,17:27:22,-103,10
970,66,15565,2026-04-01,17:27:55,-97,1
971,412,20265,2026-04-01,17:28:33,-89,2
972,155,10525,2026-04-01,17:29:01,-82,10
973,501,20263,2026-04-01,17:29:44,-103,5
974,77,20244,2026-04-01,17:30:12,-96,10
975,288,23350,2026-04-01,17:30:55,-88,4
976,14,19864,2026-04-01,17:31:22,-82,10
977,33,19861,2026-04-01,17:31:55,-103,3
978,312,19862,2026-04-01,17:32:33,-96,10
979,45,23344,2026-04-01,17:33:01,-88,8
980,188,6136,2026-04-01,17:33:44,-82,9
981,66,6133,2026-04-01,17:34:12,-103,10
982,412,15391,2026-04-01,17:34:55,-97,1
983,155,6776,2026-04-01,17:35:22,-89,2
984,501,15385,2026-04-01,17:35:55,-82,10
985,77,15395,2026-04-01,17:36:33,-103,5
986,288,15396,2026-04-01,17:37:01,-96,10
987,14,6777,2026-04-01,17:37:44,-88,4
988,33,6784,2026-04-01,17:38:12,-82,10
989,312,6783,2026-04-01,17:38:55,-103,3
990,45,15392,2026-04-01,17:39:22,-96,10
991,188,15388,2026-04-01,17:39:55,-88,8
992,66,15567,2026-04-01,17:40:33,-82,9
993,412,13319,2026-04-01,17:41:01,-103,10
994,155,13315,2026-04-01,17:41:44,-97,1
995,501,13314,2026-04-01,17:42:12,-89,2
996,77,15555,2026-04-01,17:42:55,-82,10
997,288,13325,2026-04-01,17:43:22,-103,5
998,14,13321,2026-04-01,17:43:55,-96,10
999,33,13324,2026-04-01,17:44:33,-88,4
1000,312,15563,2026-04-01,17:45:01,-82,10
